latitude,longitude,depth_km,zone
30.54,132.43000000000018,10.4,1
30.63,132.32000000000016,12.92,1
30.63,132.43000000000018,11.27,1
30.72,132.21000000000015,15.43,1
30.72,132.32000000000016,13.79,1
30.72,132.43000000000018,12.14,1
30.72,132.5400000000002,10.5,1
30.81,132.10000000000014,17.95,1
30.81,132.21000000000015,16.3,1
30.81,132.32000000000016,14.66,1
30.81,132.43000000000018,13.02,1
30.81,132.5400000000002,11.37,1
30.9,131.8800000000001,22.16,1
30.9,131.99000000000012,20.47,1
30.9,132.10000000000014,18.82,1
30.9,132.21000000000015,17.18,1
30.9,132.32000000000016,15.53,1
30.9,132.43000000000018,13.89,1
30.9,132.5400000000002,12.24,1
30.9,132.6500000000002,10.6,1
30.99,131.7700000000001,24.65,1
30.99,131.8800000000001,22.98,1
30.99,131.99000000000012,21.34,1
30.99,132.10000000000014,19.69,1
30.99,132.21000000000015,18.05,1
30.99,132.32000000000016,16.4,1
30.99,132.43000000000018,14.76,1
30.99,132.5400000000002,13.11,1
30.99,132.6500000000002,11.35,1
30.99,132.76000000000022,10.0,1
31.08,131.66000000000008,27.15,1
31.08,131.7700000000001,25.5,1
31.08,131.8800000000001,23.85,1
31.08,131.99000000000012,22.21,1
31.08,132.10000000000014,20.54,1
31.08,132.21000000000015,18.72,1
31.08,132.32000000000016,16.91,1
31.08,132.43000000000018,15.09,1
31.08,132.5400000000002,13.28,1
31.08,132.6500000000002,11.62,1
31.08,132.76000000000022,10.18,1
31.08,132.87000000000023,10.0,1
31.169999999999998,131.55000000000007,29.66,1
31.169999999999998,131.66000000000008,27.9,1
31.169999999999998,131.7700000000001,26.09,1
31.169999999999998,131.8800000000001,24.27,1
31.169999999999998,131.99000000000012,22.46,1
31.169999999999998,132.10000000000014,20.64,1
31.169999999999998,132.21000000000015,18.83,1
31.169999999999998,132.32000000000016,17.01,1
31.169999999999998,132.43000000000018,15.2,1
31.169999999999998,132.5400000000002,13.49,1
31.169999999999998,132.6500000000002,12.05,1
31.169999999999998,132.76000000000022,10.61,1
31.169999999999998,132.87000000000023,10.0,1
31.169999999999998,132.98000000000025,10.0,1
31.259999999999998,131.55000000000007,29.79,1
31.259999999999998,131.66000000000008,28.01,1
31.259999999999998,131.7700000000001,26.2,1
31.259999999999998,131.8800000000001,24.38,1
31.259999999999998,131.99000000000012,22.57,1
31.259999999999998,132.10000000000014,20.75,1
31.259999999999998,132.21000000000015,18.94,1
31.259999999999998,132.32000000000016,17.12,1
31.259999999999998,132.43000000000018,15.37,1
31.259999999999998,132.5400000000002,13.93,1
31.259999999999998,132.6500000000002,12.49,1
31.259999999999998,132.76000000000022,11.05,1
31.259999999999998,132.87000000000023,10.0,1
31.259999999999998,132.98000000000025,10.0,1
31.259999999999998,133.09000000000026,10.0,1
31.349999999999998,131.66000000000008,28.12,1
31.349999999999998,131.7700000000001,26.3,1
31.349999999999998,131.8800000000001,24.49,1
31.349999999999998,131.99000000000012,22.68,1
31.349999999999998,132.10000000000014,20.86,1
31.349999999999998,132.21000000000015,19.05,1
31.349999999999998,132.32000000000016,17.24,1
31.349999999999998,132.43000000000018,15.8,1
31.349999999999998,132.5400000000002,14.36,1
31.349999999999998,132.6500000000002,12.92,1
31.349999999999998,132.76000000000022,11.49,1
31.349999999999998,132.87000000000023,10.05,1
31.349999999999998,132.98000000000025,10.0,1
31.349999999999998,133.09000000000026,10.0,1
31.349999999999998,133.20000000000027,14.01,1
31.439999999999998,131.66000000000008,28.23,1
31.439999999999998,131.7700000000001,26.41,1
31.439999999999998,131.8800000000001,24.6,1
31.439999999999998,131.99000000000012,22.78,1
31.439999999999998,132.10000000000014,20.97,1
31.439999999999998,132.21000000000015,19.15,1
31.439999999999998,132.32000000000016,17.68,1
31.439999999999998,132.43000000000018,16.24,1
31.439999999999998,132.5400000000002,14.8,1
31.439999999999998,132.6500000000002,13.36,1
31.439999999999998,132.76000000000022,11.92,1
31.439999999999998,132.87000000000023,10.48,1
31.439999999999998,132.98000000000025,10.0,1
31.439999999999998,133.09000000000026,10.0,1
31.439999999999998,133.20000000000027,19.48,1
31.529999999999998,131.66000000000008,28.34,1
31.529999999999998,131.7700000000001,26.52,1
31.529999999999998,131.8800000000001,24.71,1
31.529999999999998,131.99000000000012,22.89,1
31.529999999999998,132.10000000000014,21.08,1
31.529999999999998,132.21000000000015,19.55,1
31.529999999999998,132.32000000000016,18.11,1
31.529999999999998,132.43000000000018,16.67,1
31.529999999999998,132.5400000000002,15.23,1
31.529999999999998,132.6500000000002,13.8,1
31.529999999999998,132.76000000000022,12.36,1
31.529999999999998,132.87000000000023,10.92,1
31.529999999999998,132.98000000000025,10.0,1
31.529999999999998,133.09000000000026,10.0,1
31.529999999999998,133.20000000000027,21.99,1
31.529999999999998,133.3100000000003,14.46,1
31.619999999999997,131.66000000000008,28.44,1
31.619999999999997,131.7700000000001,26.63,1
31.619999999999997,131.8800000000001,24.82,1
31.619999999999997,131.99000000000012,23.0,1
31.619999999999997,132.10000000000014,21.42,1
31.619999999999997,132.21000000000015,19.99,1
31.619999999999997,132.32000000000016,18.55,1
31.619999999999997,132.43000000000018,17.11,1
31.619999999999997,132.5400000000002,15.67,1
31.619999999999997,132.6500000000002,14.23,1
31.619999999999997,132.76000000000022,12.79,1
31.619999999999997,132.87000000000023,11.35,1
31.619999999999997,132.98000000000025,10.0,1
31.619999999999997,133.09000000000026,10.0,1
31.619999999999997,133.20000000000027,24.33,1
31.619999999999997,133.3100000000003,22.98,1
31.619999999999997,133.4200000000003,19.97,1
31.619999999999997,133.5300000000003,16.97,1
31.709999999999997,131.66000000000008,28.55,1
31.709999999999997,131.7700000000001,26.74,1
31.709999999999997,131.8800000000001,24.92,1
31.709999999999997,131.99000000000012,23.3,1
31.709999999999997,132.10000000000014,21.86,1
31.709999999999997,132.21000000000015,20.42,1
31.709999999999997,132.32000000000016,18.98,1
31.709999999999997,132.43000000000018,17.54,1
31.709999999999997,132.5400000000002,16.11,1
31.709999999999997,132.6500000000002,14.67,1
31.709999999999997,132.76000000000022,13.23,1
31.709999999999997,132.87000000000023,11.79,1
31.709999999999997,132.98000000000025,10.35,1
31.709999999999997,133.09000000000026,10.0,1
31.709999999999997,133.20000000000027,25.45,1
31.709999999999997,133.3100000000003,27.39,1
31.709999999999997,133.4200000000003,29.33,1
31.709999999999997,133.5300000000003,28.03,1
31.709999999999997,133.64000000000033,25.03,1
31.709999999999997,133.75000000000034,22.02,1
31.799999999999997,131.7700000000001,26.85,1
31.799999999999997,131.8800000000001,25.17,1
31.799999999999997,131.99000000000012,23.73,1
31.799999999999997,132.10000000000014,22.3,1
31.799999999999997,132.21000000000015,20.86,1
31.799999999999997,132.32000000000016,19.42,1
31.799999999999997,132.43000000000018,17.98,1
31.799999999999997,132.5400000000002,16.54,1
31.799999999999997,132.6500000000002,15.1,1
31.799999999999997,132.76000000000022,13.66,1
31.799999999999997,132.87000000000023,12.23,1
31.799999999999997,132.98000000000025,10.79,1
31.799999999999997,133.09000000000026,11.54,1
31.799999999999997,133.20000000000027,18.29,1
31.799999999999997,133.3100000000003,20.23,1
31.799999999999997,133.4200000000003,22.18,1
31.799999999999997,133.5300000000003,24.12,1
31.799999999999997,133.64000000000033,26.06,1
31.799999999999997,133.75000000000034,28.01,1
31.799999999999997,133.86000000000035,29.95,1
31.799999999999997,133.97000000000037,27.07,1
31.889999999999997,131.7700000000001,27.05,1
31.889999999999997,131.8800000000001,25.61,1
31.889999999999997,131.99000000000012,24.17,1
31.889999999999997,132.10000000000014,22.73,1
31.889999999999997,132.21000000000015,21.29,1
31.889999999999997,132.32000000000016,19.85,1
31.889999999999997,132.43000000000018,18.42,1
31.889999999999997,132.5400000000002,16.98,1
31.889999999999997,132.6500000000002,15.53,1
31.889999999999997,132.76000000000022,14.03,1
31.889999999999997,132.87000000000023,12.52,1
31.889999999999997,132.98000000000025,11.02,1
31.889999999999997,133.09000000000026,10.0,1
31.889999999999997,133.20000000000027,10.92,1
31.889999999999997,133.3100000000003,12.84,1
31.889999999999997,133.4200000000003,14.75,1
31.889999999999997,133.5300000000003,16.66,1
31.889999999999997,133.64000000000033,18.57,1
31.889999999999997,133.75000000000034,20.48,1
31.889999999999997,133.86000000000035,22.4,1
31.889999999999997,133.97000000000037,24.31,1
31.889999999999997,134.08000000000038,26.22,1
31.979999999999997,131.7700000000001,27.23,1
31.979999999999997,131.8800000000001,24.96,1
31.979999999999997,131.99000000000012,23.45,1
31.979999999999997,132.10000000000014,21.95,1
31.979999999999997,132.21000000000015,20.45,1
31.979999999999997,132.32000000000016,18.94,1
31.979999999999997,132.43000000000018,17.44,1
31.979999999999997,132.5400000000002,15.94,1
31.979999999999997,132.6500000000002,14.43,1
31.979999999999997,132.76000000000022,12.93,1
31.979999999999997,132.87000000000023,11.43,1
31.979999999999997,132.98000000000025,10.0,1
31.979999999999997,133.09000000000026,10.0,1
31.979999999999997,133.20000000000027,10.0,1
31.979999999999997,133.3100000000003,10.0,1
31.979999999999997,133.4200000000003,10.0,1
31.979999999999997,133.5300000000003,10.0,1
31.979999999999997,133.64000000000033,10.35,1
31.979999999999997,133.75000000000034,12.26,1
31.979999999999997,133.86000000000035,14.18,1
31.979999999999997,133.97000000000037,16.09,1
31.979999999999997,134.08000000000038,18.0,1
31.979999999999997,134.1900000000004,19.91,1
32.06999999999999,131.8800000000001,25.71,1
32.06999999999999,131.99000000000012,23.42,1
32.06999999999999,132.10000000000014,21.13,1
32.06999999999999,132.21000000000015,19.35,1
32.06999999999999,132.32000000000016,17.85,1
32.06999999999999,132.43000000000018,16.34,1
32.06999999999999,132.5400000000002,14.84,1
32.06999999999999,132.6500000000002,13.34,1
32.06999999999999,132.76000000000022,11.84,1
32.06999999999999,132.87000000000023,10.33,1
32.06999999999999,132.98000000000025,10.0,1
32.06999999999999,133.09000000000026,10.0,1
32.06999999999999,133.20000000000027,10.0,1
32.06999999999999,133.3100000000003,10.0,1
32.06999999999999,133.4200000000003,10.0,1
32.06999999999999,133.5300000000003,10.0,1
32.06999999999999,133.64000000000033,10.0,1
32.06999999999999,133.75000000000034,10.0,1
32.06999999999999,133.86000000000035,10.0,1
32.06999999999999,133.97000000000037,10.0,1
32.06999999999999,134.08000000000038,10.0,1
32.06999999999999,134.1900000000004,11.69,1
32.16,131.8800000000001,26.49,1
32.16,131.99000000000012,24.2,1
32.16,132.10000000000014,21.91,1
32.16,132.21000000000015,19.62,1
32.16,132.32000000000016,17.33,1
32.16,132.43000000000018,15.25,1
32.16,132.5400000000002,13.75,1
32.16,132.6500000000002,12.24,1
32.16,132.76000000000022,10.74,1
32.16,132.87000000000023,10.0,1
32.16,132.98000000000025,10.0,1
32.16,133.09000000000026,10.0,1
32.16,133.20000000000027,10.0,1
32.16,133.3100000000003,10.0,1
32.16,133.4200000000003,10.0,1
32.16,133.5300000000003,10.0,1
32.16,133.64000000000033,10.0,1
32.16,133.75000000000034,10.0,1
32.16,133.86000000000035,10.0,1
32.16,133.97000000000037,10.09,1
32.16,134.08000000000038,10.21,1
32.16,134.1900000000004,10.34,1
32.16,134.3000000000004,10.46,1
32.16,134.41000000000042,10.03,1
32.25,131.99000000000012,24.97,1
32.25,132.10000000000014,22.68,1
32.25,132.21000000000015,20.39,1
32.25,132.32000000000016,18.1,1
32.25,132.43000000000018,15.81,1
32.25,132.5400000000002,13.52,1
32.25,132.6500000000002,11.23,1
32.25,132.76000000000022,10.0,1
32.25,132.87000000000023,10.0,1
32.25,132.98000000000025,10.07,1
32.25,133.09000000000026,10.19,1
32.25,133.20000000000027,10.32,1
32.25,133.3100000000003,10.44,1
32.25,133.4200000000003,10.57,1
32.25,133.5300000000003,10.69,1
32.25,133.64000000000033,10.82,1
32.25,133.75000000000034,10.94,1
32.25,133.86000000000035,11.07,1
32.25,133.97000000000037,11.19,1
32.25,134.08000000000038,11.32,1
32.25,134.1900000000004,11.44,1
32.25,134.3000000000004,11.47,1
32.25,134.41000000000042,10.89,1
32.25,134.52000000000044,10.26,1
32.25,134.63000000000045,15.05,1
32.339999999999996,131.99000000000012,25.75,1
32.339999999999996,132.10000000000014,23.46,1
32.339999999999996,132.21000000000015,21.17,1
32.339999999999996,132.32000000000016,18.88,1
32.339999999999996,132.43000000000018,16.59,1
32.339999999999996,132.5400000000002,14.3,1
32.339999999999996,132.6500000000002,14.85,1
32.339999999999996,132.76000000000022,10.92,1
32.339999999999996,132.87000000000023,11.04,1
32.339999999999996,132.98000000000025,11.17,1
32.339999999999996,133.09000000000026,11.29,1
32.339999999999996,133.20000000000027,11.42,1
32.339999999999996,133.3100000000003,11.55,1
32.339999999999996,133.4200000000003,11.67,1
32.339999999999996,133.5300000000003,11.8,1
32.339999999999996,133.64000000000033,11.92,1
32.339999999999996,133.75000000000034,12.05,1
32.339999999999996,133.86000000000035,12.17,1
32.339999999999996,133.97000000000037,12.3,1
32.339999999999996,134.08000000000038,12.42,1
32.339999999999996,134.1900000000004,12.55,1
32.339999999999996,134.3000000000004,12.37,1
32.339999999999996,134.41000000000042,11.75,1
32.339999999999996,134.52000000000044,11.12,1
32.339999999999996,134.63000000000045,10.48,1
32.339999999999996,134.74000000000046,12.0,1
32.339999999999996,134.85000000000048,20.47,1
32.42999999999999,132.10000000000014,24.24,1
32.42999999999999,132.21000000000015,21.94,1
32.42999999999999,132.32000000000016,19.65,1
32.42999999999999,132.43000000000018,20.19,1
32.42999999999999,132.5400000000002,20.85,1
32.42999999999999,132.6500000000002,16.59,1
32.42999999999999,132.76000000000022,12.46,1
32.42999999999999,132.87000000000023,12.15,1
32.42999999999999,132.98000000000025,12.27,1
32.42999999999999,133.09000000000026,12.4,1
32.42999999999999,133.20000000000027,12.52,1
32.42999999999999,133.3100000000003,12.65,1
32.42999999999999,133.4200000000003,12.77,1
32.42999999999999,133.5300000000003,12.9,1
32.42999999999999,133.64000000000033,13.02,1
32.42999999999999,133.75000000000034,13.15,1
32.42999999999999,133.86000000000035,13.27,1
32.42999999999999,133.97000000000037,13.4,1
32.42999999999999,134.08000000000038,13.52,1
32.42999999999999,134.1900000000004,13.62,1
32.42999999999999,134.3000000000004,13.25,1
32.42999999999999,134.41000000000042,12.62,1
32.42999999999999,134.52000000000044,11.98,1
32.42999999999999,134.63000000000045,11.35,1
32.42999999999999,134.74000000000046,10.71,1
32.42999999999999,134.85000000000048,10.08,1
32.42999999999999,134.9600000000005,17.42,1
32.42999999999999,135.0700000000005,25.9,1
32.519999999999996,132.21000000000015,25.52,1
32.519999999999996,132.32000000000016,26.19,1
32.519999999999996,132.43000000000018,26.85,1
32.519999999999996,132.5400000000002,25.23,1
32.519999999999996,132.6500000000002,17.72,1
32.519999999999996,132.76000000000022,14.13,1
32.519999999999996,132.87000000000023,13.25,1
32.519999999999996,132.98000000000025,13.38,1
32.519999999999996,133.09000000000026,13.5,1
32.519999999999996,133.20000000000027,13.63,1
32.519999999999996,133.3100000000003,13.75,1
32.519999999999996,133.4200000000003,13.88,1
32.519999999999996,133.5300000000003,14.0,1
32.519999999999996,133.64000000000033,14.13,1
32.519999999999996,133.75000000000034,14.25,1
32.519999999999996,133.86000000000035,14.38,1
32.519999999999996,133.97000000000037,14.5,1
32.519999999999996,134.08000000000038,14.63,1
32.519999999999996,134.1900000000004,14.53,1
32.519999999999996,134.3000000000004,14.12,1
32.519999999999996,134.41000000000042,13.48,1
32.519999999999996,134.52000000000044,12.85,1
32.519999999999996,134.63000000000045,12.21,1
32.519999999999996,134.74000000000046,11.58,1
32.519999999999996,134.85000000000048,10.94,1
32.519999999999996,134.9600000000005,10.31,1
32.519999999999996,135.0700000000005,14.37,1
32.61,132.32000000000016,24.38,1
32.61,132.43000000000018,27.99,1
32.61,132.5400000000002,26.36,1
32.61,132.6500000000002,18.85,1
32.61,132.76000000000022,15.79,1
32.61,132.87000000000023,14.48,1
32.61,132.98000000000025,14.48,1
32.61,133.09000000000026,14.61,1
32.61,133.20000000000027,14.73,1
32.61,133.3100000000003,14.86,1
32.61,133.4200000000003,14.98,1
32.61,133.5300000000003,15.11,1
32.61,133.64000000000033,15.23,1
32.61,133.75000000000034,15.36,1
32.61,133.86000000000035,15.48,1
32.61,133.97000000000037,15.61,1
32.61,134.08000000000038,15.73,1
32.61,134.1900000000004,15.43,1
32.61,134.3000000000004,14.98,1
32.61,134.41000000000042,14.34,1
32.61,134.52000000000044,13.71,1
32.61,134.63000000000045,13.07,1
32.61,134.74000000000046,12.44,1
32.61,134.85000000000048,11.81,1
32.61,134.9600000000005,11.17,1
32.61,135.0700000000005,10.54,1
32.61,135.18000000000052,11.32,1
32.699999999999996,132.43000000000018,30.0,1
32.699999999999996,132.5400000000002,27.49,1
32.699999999999996,132.6500000000002,19.98,1
32.699999999999996,132.76000000000022,17.46,1
32.699999999999996,132.87000000000023,16.14,1
32.699999999999996,132.98000000000025,15.58,1
32.699999999999996,133.09000000000026,15.71,1
32.699999999999996,133.20000000000027,15.83,1
32.699999999999996,133.3100000000003,15.96,1
32.699999999999996,133.4200000000003,16.08,1
32.699999999999996,133.5300000000003,16.21,1
32.699999999999996,133.64000000000033,16.34,1
32.699999999999996,133.75000000000034,16.46,1
32.699999999999996,133.86000000000035,16.59,1
32.699999999999996,133.97000000000037,16.71,1
32.699999999999996,134.08000000000038,16.68,1
32.699999999999996,134.1900000000004,16.33,1
32.699999999999996,134.3000000000004,15.84,1
32.699999999999996,134.41000000000042,15.21,1
32.699999999999996,134.52000000000044,14.57,1
32.699999999999996,134.63000000000045,13.94,1
32.699999999999996,134.74000000000046,13.3,1
32.699999999999996,134.85000000000048,12.67,1
32.699999999999996,134.9600000000005,12.03,1
32.699999999999996,135.0700000000005,11.4,1
32.699999999999996,135.18000000000052,10.76,1
32.699999999999996,135.29000000000053,10.63,1
32.699999999999996,135.40000000000055,11.38,1
32.699999999999996,135.51000000000056,10.64,1
32.78999999999999,132.43000000000018,30.0,1
32.78999999999999,132.5400000000002,28.62,1
32.78999999999999,132.6500000000002,21.11,1
32.78999999999999,132.76000000000022,19.12,1
32.78999999999999,132.87000000000023,17.81,1
32.78999999999999,132.98000000000025,16.69,1
32.78999999999999,133.09000000000026,16.81,1
32.78999999999999,133.20000000000027,16.94,1
32.78999999999999,133.3100000000003,17.06,1
32.78999999999999,133.4200000000003,17.19,1
32.78999999999999,133.5300000000003,17.31,1
32.78999999999999,133.64000000000033,17.44,1
32.78999999999999,133.75000000000034,17.56,1
32.78999999999999,133.86000000000035,17.69,1
32.78999999999999,133.97000000000037,17.81,1
32.78999999999999,134.08000000000038,17.58,1
32.78999999999999,134.1900000000004,17.23,1
32.78999999999999,134.3000000000004,16.7,1
32.78999999999999,134.41000000000042,16.07,1
32.78999999999999,134.52000000000044,15.44,1
32.78999999999999,134.63000000000045,14.8,1
32.78999999999999,134.74000000000046,14.17,1
32.78999999999999,134.85000000000048,13.53,1
32.78999999999999,134.9600000000005,12.9,1
32.78999999999999,135.0700000000005,12.26,1
32.78999999999999,135.18000000000052,12.53,1
32.78999999999999,135.29000000000053,12.95,1
32.78999999999999,135.40000000000055,11.72,1
32.78999999999999,135.51000000000056,12.81,1
32.78999999999999,135.62000000000057,14.31,1
32.78999999999999,135.7300000000006,13.57,1
32.78999999999999,135.8400000000006,12.83,1
32.78999999999999,135.9500000000006,12.09,1
32.78999999999999,136.06000000000063,11.35,1
32.78999999999999,136.17000000000064,10.59,1
32.879999999999995,132.43000000000018,30.0,1
32.879999999999995,132.5400000000002,29.75,1
32.879999999999995,132.6500000000002,22.24,1
32.879999999999995,132.76000000000022,20.79,1
32.879999999999995,132.87000000000023,19.47,1
32.879999999999995,132.98000000000025,18.15,1
32.879999999999995,133.09000000000026,17.92,1
32.879999999999995,133.20000000000027,18.04,1
32.879999999999995,133.3100000000003,18.17,1
32.879999999999995,133.4200000000003,18.29,1
32.879999999999995,133.5300000000003,18.42,1
32.879999999999995,133.64000000000033,18.54,1
32.879999999999995,133.75000000000034,18.67,1
32.879999999999995,133.86000000000035,18.79,1
32.879999999999995,133.97000000000037,18.84,1
32.879999999999995,134.08000000000038,18.49,1
32.879999999999995,134.1900000000004,18.13,1
32.879999999999995,134.3000000000004,17.57,1
32.879999999999995,134.41000000000042,16.93,1
32.879999999999995,134.52000000000044,16.3,1
32.879999999999995,134.63000000000045,15.66,1
32.879999999999995,134.74000000000046,15.03,1
32.879999999999995,134.85000000000048,14.39,1
32.879999999999995,134.9600000000005,13.76,1
32.879999999999995,135.0700000000005,13.74,1
32.879999999999995,135.18000000000052,14.18,1
32.879999999999995,135.29000000000053,14.78,1
32.879999999999995,135.40000000000055,14.37,1
32.879999999999995,135.51000000000056,12.81,1
32.879999999999995,135.62000000000057,13.34,1
32.879999999999995,135.7300000000006,15.3,1
32.879999999999995,135.8400000000006,17.25,1
32.879999999999995,135.9500000000006,16.51,1
32.879999999999995,136.06000000000063,15.77,1
32.879999999999995,136.17000000000064,14.45,1
32.879999999999995,136.28000000000065,12.47,1
32.879999999999995,136.39000000000067,10.49,1
32.97,132.5400000000002,30.0,1
32.97,132.6500000000002,23.77,1
32.97,132.76000000000022,22.45,1
32.97,132.87000000000023,21.13,1
32.97,132.98000000000025,19.82,1
32.97,133.09000000000026,19.02,1
32.97,133.20000000000027,19.15,1
32.97,133.3100000000003,19.27,1
32.97,133.4200000000003,19.4,1
32.97,133.5300000000003,19.52,1
32.97,133.64000000000033,19.65,1
32.97,133.75000000000034,19.77,1
32.97,133.86000000000035,19.9,1
32.97,133.97000000000037,19.74,1
32.97,134.08000000000038,19.39,1
32.97,134.1900000000004,19.04,1
32.97,134.3000000000004,18.43,1
32.97,134.41000000000042,17.8,1
32.97,134.52000000000044,17.16,1
32.97,134.63000000000045,16.53,1
32.97,134.74000000000046,15.89,1
32.97,134.85000000000048,15.26,1
32.97,134.9600000000005,14.85,1
32.97,135.0700000000005,15.62,1
32.97,135.18000000000052,15.84,1
32.97,135.29000000000053,16.46,1
32.97,135.40000000000055,16.56,1
32.97,135.51000000000056,15.46,1
32.97,135.62000000000057,13.91,1
32.97,135.7300000000006,13.87,1
32.97,135.8400000000006,15.83,1
32.97,135.9500000000006,17.79,1
32.97,136.06000000000063,19.75,1
32.97,136.17000000000064,18.32,1
32.97,136.28000000000065,16.34,1
32.97,136.39000000000067,14.35,1
32.97,136.50000000000068,12.37,1
32.97,136.6100000000007,10.39,1
33.059999999999995,132.5400000000002,30.0,1
33.059999999999995,132.6500000000002,25.43,1
33.059999999999995,132.76000000000022,24.11,1
33.059999999999995,132.87000000000023,22.8,1
33.059999999999995,132.98000000000025,21.48,1
33.059999999999995,133.09000000000026,20.17,1
33.059999999999995,133.20000000000027,20.25,1
33.059999999999995,133.3100000000003,20.37,1
33.059999999999995,133.4200000000003,20.5,1
33.059999999999995,133.5300000000003,20.62,1
33.059999999999995,133.64000000000033,20.75,1
33.059999999999995,133.75000000000034,20.88,1
33.059999999999995,133.86000000000035,20.99,1
33.059999999999995,133.97000000000037,20.64,1
33.059999999999995,134.08000000000038,20.29,1
33.059999999999995,134.1900000000004,19.93,1
33.059999999999995,134.3000000000004,19.29,1
33.059999999999995,134.41000000000042,18.66,1
33.059999999999995,134.52000000000044,18.03,1
33.059999999999995,134.63000000000045,17.39,1
33.059999999999995,134.74000000000046,16.76,1
33.059999999999995,134.85000000000048,16.12,1
33.059999999999995,134.9600000000005,16.72,1
33.059999999999995,135.0700000000005,17.28,1
33.059999999999995,135.18000000000052,17.49,1
33.059999999999995,135.29000000000053,18.15,1
33.059999999999995,135.40000000000055,18.63,1
33.059999999999995,135.51000000000056,18.09,1
33.059999999999995,135.62000000000057,16.55,1
33.059999999999995,135.7300000000006,15.0,1
33.059999999999995,135.8400000000006,14.41,1
33.059999999999995,135.9500000000006,16.37,1
33.059999999999995,136.06000000000063,17.58,1
33.059999999999995,136.17000000000064,16.59,1
33.059999999999995,136.28000000000065,15.59,1
33.059999999999995,136.39000000000067,14.6,1
33.059999999999995,136.50000000000068,13.61,1
33.059999999999995,136.6100000000007,12.62,1
33.059999999999995,136.7200000000007,11.63,1
33.059999999999995,136.83000000000072,10.29,1
33.14999999999999,132.6500000000002,27.1,1
33.14999999999999,132.76000000000022,25.78,1
33.14999999999999,132.87000000000023,24.46,1
33.14999999999999,132.98000000000025,23.15,1
33.14999999999999,133.09000000000026,21.83,1
33.14999999999999,133.20000000000027,21.35,1
33.14999999999999,133.3100000000003,21.48,1
33.14999999999999,133.4200000000003,21.6,1
33.14999999999999,133.5300000000003,21.73,1
33.14999999999999,133.64000000000033,21.85,1
33.14999999999999,133.75000000000034,21.98,1
33.14999999999999,133.86000000000035,21.9,1
33.14999999999999,133.97000000000037,21.54,1
33.14999999999999,134.08000000000038,21.19,1
33.14999999999999,134.1900000000004,20.79,1
33.14999999999999,134.3000000000004,20.16,1
33.14999999999999,134.41000000000042,19.52,1
33.14999999999999,134.52000000000044,18.89,1
33.14999999999999,134.63000000000045,18.25,1
33.14999999999999,134.74000000000046,17.62,1
33.14999999999999,134.85000000000048,17.83,1
33.14999999999999,134.9600000000005,18.6,1
33.14999999999999,135.0700000000005,18.94,1
33.14999999999999,135.18000000000052,19.15,1
33.14999999999999,135.29000000000053,19.84,1
33.14999999999999,135.40000000000055,20.57,1
33.14999999999999,135.51000000000056,20.16,1
33.14999999999999,135.62000000000057,19.2,1
33.14999999999999,135.7300000000006,17.65,1
33.14999999999999,135.8400000000006,16.09,1
33.14999999999999,135.9500000000006,14.94,1
33.14999999999999,136.06000000000063,15.1,1
33.14999999999999,136.17000000000064,14.11,1
33.14999999999999,136.28000000000065,13.45,1
33.14999999999999,136.39000000000067,13.08,1
33.14999999999999,136.50000000000068,12.72,1
33.14999999999999,136.6100000000007,12.35,1
33.14999999999999,136.7200000000007,11.99,1
33.14999999999999,136.83000000000072,11.27,1
33.14999999999999,136.94000000000074,10.43,1
33.239999999999995,132.6500000000002,28.76,1
33.239999999999995,132.76000000000022,27.44,1
33.239999999999995,132.87000000000023,26.13,1
33.239999999999995,132.98000000000025,24.81,1
33.239999999999995,133.09000000000026,23.5,1
33.239999999999995,133.20000000000027,22.46,1
33.239999999999995,133.3100000000003,22.58,1
33.239999999999995,133.4200000000003,22.71,1
33.239999999999995,133.5300000000003,22.83,1
33.239999999999995,133.64000000000033,22.96,1
33.239999999999995,133.75000000000034,23.08,1
33.239999999999995,133.86000000000035,22.8,1
33.239999999999995,133.97000000000037,22.45,1
33.239999999999995,134.08000000000038,22.1,1
33.239999999999995,134.1900000000004,21.66,1
33.239999999999995,134.3000000000004,21.02,1
33.239999999999995,134.41000000000042,20.39,1
33.239999999999995,134.52000000000044,19.75,1
33.239999999999995,134.63000000000045,19.12,1
33.239999999999995,134.74000000000046,18.93,1
33.239999999999995,134.85000000000048,19.71,1
33.239999999999995,134.9600000000005,20.39,1
33.239999999999995,135.0700000000005,20.6,1
33.239999999999995,135.18000000000052,20.81,1
33.239999999999995,135.29000000000053,21.52,1
33.239999999999995,135.40000000000055,22.26,1
33.239999999999995,135.51000000000056,22.23,1
33.239999999999995,135.62000000000057,21.69,1
33.239999999999995,135.7300000000006,20.29,1
33.239999999999995,135.8400000000006,18.74,1
33.239999999999995,135.9500000000006,16.77,1
33.239999999999995,136.06000000000063,15.85,1
33.239999999999995,136.17000000000064,15.48,1
33.239999999999995,136.28000000000065,15.12,1
33.239999999999995,136.39000000000067,14.75,1
33.239999999999995,136.50000000000068,14.39,1
33.239999999999995,136.6100000000007,14.02,1
33.239999999999995,136.7200000000007,13.38,1
33.239999999999995,136.83000000000072,13.47,1
33.239999999999995,136.94000000000074,12.13,1
33.33,132.6500000000002,29.92,1
33.33,132.76000000000022,29.11,1
33.33,132.87000000000023,27.79,1
33.33,132.98000000000025,26.48,1
33.33,133.09000000000026,25.16,1
33.33,133.20000000000027,23.84,1
33.33,133.3100000000003,23.69,1
33.33,133.4200000000003,23.81,1
33.33,133.5300000000003,23.94,1
33.33,133.64000000000033,24.06,1
33.33,133.75000000000034,24.05,1
33.33,133.86000000000035,23.7,1
33.33,133.97000000000037,23.35,1
33.33,134.08000000000038,23.0,1
33.33,134.1900000000004,22.52,1
33.33,134.3000000000004,21.88,1
33.33,134.41000000000042,21.25,1
33.33,134.52000000000044,20.61,1
33.33,134.63000000000045,20.04,1
33.33,134.74000000000046,20.81,1
33.33,134.85000000000048,21.58,1
33.33,134.9600000000005,22.04,1
33.33,135.0700000000005,22.25,1
33.33,135.18000000000052,22.47,1
33.33,135.29000000000053,23.21,1
33.33,135.40000000000055,23.95,1
33.33,135.51000000000056,24.31,1
33.33,135.62000000000057,23.76,1
33.33,135.7300000000006,22.94,1
33.33,135.8400000000006,21.33,1
33.33,135.9500000000006,18.12,1
33.33,136.06000000000063,17.52,1
33.33,136.17000000000064,17.16,1
33.33,136.28000000000065,16.79,1
33.33,136.39000000000067,16.43,1
33.33,136.50000000000068,16.06,1
33.33,136.6100000000007,15.48,1
33.33,136.7200000000007,14.35,1
33.33,136.83000000000072,15.53,1
33.33,136.94000000000074,13.83,1
33.33,137.05000000000075,12.14,1
33.419999999999995,132.76000000000022,30.0,1
33.419999999999995,132.87000000000023,29.46,1
33.419999999999995,132.98000000000025,28.14,1
33.419999999999995,133.09000000000026,26.83,1
33.419999999999995,133.20000000000027,25.51,1
33.419999999999995,133.3100000000003,24.79,1
33.419999999999995,133.4200000000003,24.91,1
33.419999999999995,133.5300000000003,25.04,1
33.419999999999995,133.64000000000033,25.16,1
33.419999999999995,133.75000000000034,24.95,1
33.419999999999995,133.86000000000035,24.6,1
33.419999999999995,133.97000000000037,24.25,1
33.419999999999995,134.08000000000038,23.9,1
33.419999999999995,134.1900000000004,23.38,1
33.419999999999995,134.3000000000004,22.75,1
33.419999999999995,134.41000000000042,22.11,1
33.419999999999995,134.52000000000044,21.48,1
33.419999999999995,134.63000000000045,21.92,1
33.419999999999995,134.74000000000046,22.69,1
33.419999999999995,134.85000000000048,23.46,1
33.419999999999995,134.9600000000005,23.7,1
33.419999999999995,135.0700000000005,23.91,1
33.419999999999995,135.18000000000052,24.16,1
33.419999999999995,135.29000000000053,24.9,1
33.419999999999995,135.40000000000055,25.63,1
33.419999999999995,135.51000000000056,26.37,1
33.419999999999995,135.62000000000057,25.84,1
33.419999999999995,135.7300000000006,25.29,1
33.419999999999995,135.8400000000006,22.68,1
33.419999999999995,135.9500000000006,19.56,1
33.419999999999995,136.06000000000063,19.2,1
33.419999999999995,136.17000000000064,18.83,1
33.419999999999995,136.28000000000065,18.47,1
33.419999999999995,136.39000000000067,18.1,1
33.419999999999995,136.50000000000068,17.59,1
33.419999999999995,136.6100000000007,16.45,1
33.419999999999995,136.7200000000007,15.84,1
33.419999999999995,136.83000000000072,17.23,1
33.419999999999995,136.94000000000074,15.54,1
33.419999999999995,137.05000000000075,13.84,1
33.419999999999995,137.16000000000076,12.15,1
33.50999999999999,132.76000000000022,29.15,1
33.50999999999999,132.87000000000023,30.0,1
33.50999999999999,132.98000000000025,29.81,1
33.50999999999999,133.09000000000026,28.49,1
33.50999999999999,133.20000000000027,27.17,1
33.50999999999999,133.3100000000003,25.89,1
33.50999999999999,133.4200000000003,26.02,1
33.50999999999999,133.5300000000003,26.14,1
33.50999999999999,133.64000000000033,26.21,1
33.50999999999999,133.75000000000034,25.86,1
33.50999999999999,133.86000000000035,25.5,1
33.50999999999999,133.97000000000037,25.15,1
33.50999999999999,134.08000000000038,24.8,1
33.50999999999999,134.1900000000004,24.25,1
33.50999999999999,134.3000000000004,23.61,1
33.50999999999999,134.41000000000042,22.98,1
33.50999999999999,134.52000000000044,23.02,1
33.50999999999999,134.63000000000045,23.79,1
33.50999999999999,134.74000000000046,24.56,1
33.50999999999999,134.85000000000048,25.15,1
33.50999999999999,134.9600000000005,25.36,1
33.50999999999999,135.0700000000005,25.56,1
33.50999999999999,135.18000000000052,25.85,1
33.50999999999999,135.29000000000053,26.58,1
33.50999999999999,135.40000000000055,27.32,1
33.50999999999999,135.51000000000056,28.06,1
33.50999999999999,135.62000000000057,27.91,1
33.50999999999999,135.7300000000006,26.6,1
33.50999999999999,135.8400000000006,24.02,1
33.50999999999999,135.9500000000006,21.24,1
33.50999999999999,136.06000000000063,20.87,1
33.50999999999999,136.17000000000064,20.51,1
33.50999999999999,136.28000000000065,20.14,1
33.50999999999999,136.39000000000067,19.7,1
33.50999999999999,136.50000000000068,18.56,1
33.50999999999999,136.6100000000007,17.42,1
33.50999999999999,136.7200000000007,18.08,1
33.50999999999999,136.83000000000072,18.93,1
33.50999999999999,136.94000000000074,17.24,1
33.50999999999999,137.05000000000075,15.54,1
33.50999999999999,137.16000000000076,13.85,1
33.50999999999999,137.27000000000078,12.16,1
33.599999999999994,132.87000000000023,29.44,1
33.599999999999994,132.98000000000025,30.0,1
33.599999999999994,133.09000000000026,30.0,1
33.599999999999994,133.20000000000027,28.84,1
33.599999999999994,133.3100000000003,27.52,1
33.599999999999994,133.4200000000003,27.12,1
33.599999999999994,133.5300000000003,27.25,1
33.599999999999994,133.64000000000033,27.11,1
33.599999999999994,133.75000000000034,26.76,1
33.599999999999994,133.86000000000035,26.41,1
33.599999999999994,133.97000000000037,26.06,1
33.599999999999994,134.08000000000038,25.7,1
33.599999999999994,134.1900000000004,25.11,1
33.599999999999994,134.3000000000004,24.47,1
33.599999999999994,134.41000000000042,24.13,1
33.599999999999994,134.52000000000044,24.9,1
33.599999999999994,134.63000000000045,25.67,1
33.599999999999994,134.74000000000046,26.44,1
33.599999999999994,134.85000000000048,26.8,1
33.599999999999994,134.9600000000005,27.01,1
33.599999999999994,135.0700000000005,27.22,1
33.599999999999994,135.18000000000052,27.53,1
33.599999999999994,135.29000000000053,28.27,1
33.599999999999994,135.40000000000055,29.01,1
33.599999999999994,135.51000000000056,29.75,1
33.599999999999994,135.62000000000057,29.39,1
33.599999999999994,135.7300000000006,27.69,1
33.599999999999994,135.8400000000006,25.36,1
33.599999999999994,135.9500000000006,22.91,1
33.599999999999994,136.06000000000063,22.54,1
33.599999999999994,136.17000000000064,22.18,1
33.599999999999994,136.28000000000065,21.8,1
33.599999999999994,136.39000000000067,20.66,1
33.599999999999994,136.50000000000068,19.53,1
33.599999999999994,136.6100000000007,18.39,1
33.599999999999994,136.7200000000007,20.33,1
33.599999999999994,136.83000000000072,20.63,1
33.599999999999994,136.94000000000074,18.94,1
33.599999999999994,137.05000000000075,17.24,1
33.599999999999994,137.16000000000076,15.55,1
33.599999999999994,137.27000000000078,13.86,1
33.599999999999994,137.3800000000008,12.16,1
33.69,132.98000000000025,29.74,1
33.69,133.09000000000026,30.0,1
33.69,133.20000000000027,30.0,1
33.69,133.3100000000003,29.19,1
33.69,133.4200000000003,28.23,1
33.69,133.5300000000003,28.35,1
33.69,133.64000000000033,28.01,1
33.69,133.75000000000034,27.66,1
33.69,133.86000000000035,27.31,1
33.69,133.97000000000037,26.96,1
33.69,134.08000000000038,26.61,1
33.69,134.1900000000004,25.97,1
33.69,134.3000000000004,25.34,1
33.69,134.41000000000042,26.0,1
33.69,134.52000000000044,26.77,1
33.69,134.63000000000045,27.54,1
33.69,134.74000000000046,28.25,1
33.69,134.85000000000048,28.46,1
33.69,134.9600000000005,28.67,1
33.69,135.0700000000005,28.88,1
33.69,135.18000000000052,29.22,1
33.69,135.29000000000053,29.96,1
33.69,135.40000000000055,30.0,1
33.69,135.51000000000056,30.0,1
33.69,135.62000000000057,30.0,1
33.69,135.7300000000006,28.78,1
33.69,135.8400000000006,26.71,1
33.69,135.9500000000006,24.58,1
33.69,136.06000000000063,24.22,1
33.69,136.17000000000064,23.85,1
33.69,136.28000000000065,22.77,1
33.69,136.39000000000067,21.63,1
33.69,136.50000000000068,20.49,1
33.69,136.6100000000007,20.46,1
33.69,136.7200000000007,22.57,1
33.69,136.83000000000072,22.33,1
33.69,136.94000000000074,20.64,1
33.69,137.05000000000075,18.94,1
33.69,137.16000000000076,17.25,1
33.69,137.27000000000078,15.56,1
33.69,137.3800000000008,13.86,1
33.69,137.4900000000008,12.91,1
33.779999999999994,133.09000000000026,30.0,1
33.779999999999994,133.20000000000027,30.0,1
33.779999999999994,133.3100000000003,30.0,1
33.779999999999994,133.4200000000003,29.54,1
33.779999999999994,133.5300000000003,29.27,1
33.779999999999994,133.64000000000033,28.91,1
33.779999999999994,133.75000000000034,28.56,1
33.779999999999994,133.86000000000035,28.21,1
33.779999999999994,133.97000000000037,27.86,1
33.779999999999994,134.08000000000038,27.47,1
33.779999999999994,134.1900000000004,26.83,1
33.779999999999994,134.3000000000004,27.11,1
33.779999999999994,134.41000000000042,27.88,1
33.779999999999994,134.52000000000044,28.65,1
33.779999999999994,134.63000000000045,29.42,1
33.779999999999994,134.74000000000046,29.91,1
33.779999999999994,134.85000000000048,30.11,1
33.779999999999994,134.9600000000005,30.32,1
33.779999999999994,135.0700000000005,30.53,1
33.779999999999994,135.29000000000053,30.79,1
33.779999999999994,135.40000000000055,30.15,1
33.779999999999994,135.51000000000056,30.0,1
33.779999999999994,135.62000000000057,30.0,1
33.779999999999994,135.7300000000006,29.88,1
33.779999999999994,135.8400000000006,28.05,1
33.779999999999994,135.9500000000006,26.26,1
33.779999999999994,136.06000000000063,25.89,1
33.779999999999994,136.17000000000064,24.87,1
33.779999999999994,136.28000000000065,23.74,1
33.779999999999994,136.39000000000067,22.6,1
33.779999999999994,136.50000000000068,21.46,1
33.779999999999994,136.6100000000007,22.7,1
33.779999999999994,136.7200000000007,24.81,1
33.779999999999994,136.83000000000072,24.03,1
33.779999999999994,136.94000000000074,22.34,1
33.779999999999994,137.05000000000075,20.64,1
33.779999999999994,137.16000000000076,18.95,1
33.779999999999994,137.27000000000078,17.26,1
33.779999999999994,137.3800000000008,16.17,1
33.779999999999994,137.4900000000008,19.03,1
33.779999999999994,137.60000000000082,15.86,1
33.779999999999994,137.71000000000083,12.69,1
33.86999999999999,133.64000000000033,29.82,1
33.86999999999999,133.75000000000034,29.47,1
33.86999999999999,133.86000000000035,29.11,1
33.86999999999999,133.97000000000037,28.76,1
33.86999999999999,134.08000000000038,28.33,1
33.86999999999999,134.1900000000004,28.21,1
33.86999999999999,134.3000000000004,28.98,1
33.86999999999999,134.41000000000042,29.75,1
33.86999999999999,134.52000000000044,30.53,1
33.86999999999999,134.63000000000045,31.3,1
33.86999999999999,134.74000000000046,31.56,1
33.86999999999999,134.85000000000048,31.77,1
33.86999999999999,135.62000000000057,30.25,1
33.86999999999999,135.7300000000006,30.0,1
33.86999999999999,135.8400000000006,29.27,1
33.86999999999999,135.9500000000006,27.93,1
33.86999999999999,136.06000000000063,26.98,1
33.86999999999999,136.17000000000064,25.84,1
33.86999999999999,136.28000000000065,24.7,1
33.86999999999999,136.39000000000067,23.57,1
33.86999999999999,136.50000000000068,22.84,1
33.86999999999999,136.6100000000007,24.94,1
33.86999999999999,136.7200000000007,27.05,1
33.86999999999999,136.83000000000072,25.73,1
33.86999999999999,136.94000000000074,24.04,1
33.86999999999999,137.05000000000075,22.34,1
33.86999999999999,137.16000000000076,20.65,1
33.86999999999999,137.27000000000078,18.99,1
33.86999999999999,137.3800000000008,21.94,1
33.86999999999999,137.4900000000008,24.99,1
33.86999999999999,137.60000000000082,21.98,1
33.86999999999999,137.71000000000083,18.81,1
33.86999999999999,137.82000000000085,15.64,1
33.86999999999999,137.93000000000086,12.47,1
33.959999999999994,133.97000000000037,29.67,1
33.959999999999994,134.08000000000038,29.32,1
33.959999999999994,134.1900000000004,30.09,1
33.959999999999994,134.3000000000004,30.86,1
33.959999999999994,134.41000000000042,31.63,1
33.959999999999994,134.52000000000044,32.4,1
33.959999999999994,134.63000000000045,33.01,1
33.959999999999994,134.74000000000046,33.22,1
33.959999999999994,135.9500000000006,29.09,1
33.959999999999994,136.06000000000063,27.95,1
33.959999999999994,136.17000000000064,26.81,1
33.959999999999994,136.28000000000065,25.67,1
33.959999999999994,136.39000000000067,24.53,1
33.959999999999994,136.50000000000068,25.08,1
33.959999999999994,136.6100000000007,27.18,1
33.959999999999994,136.7200000000007,29.12,1
33.959999999999994,136.83000000000072,27.43,1
33.959999999999994,136.94000000000074,25.74,1
33.959999999999994,137.05000000000075,24.04,1
33.959999999999994,137.16000000000076,22.35,1
33.959999999999994,137.27000000000078,24.65,1
33.959999999999994,137.3800000000008,27.71,1
33.959999999999994,137.4900000000008,29.72,1
33.959999999999994,137.60000000000082,27.36,1
33.959999999999994,137.71000000000083,24.93,1
33.959999999999994,137.82000000000085,21.76,1
33.959999999999994,137.93000000000086,18.59,1
33.959999999999994,138.04000000000087,15.42,1
33.959999999999994,138.1500000000009,12.25,1
34.05,134.41000000000042,33.51,1
34.05,134.52000000000044,34.28,1
34.05,136.06000000000063,28.91,1
34.05,136.17000000000064,27.78,1
34.05,136.28000000000065,26.64,1
34.05,136.39000000000067,25.5,1
34.05,136.50000000000068,27.32,1
34.05,136.6100000000007,29.43,1
34.05,136.7200000000007,30.82,1
34.05,136.83000000000072,29.13,1
34.05,136.94000000000074,27.44,1
34.05,137.05000000000075,25.74,1
34.05,137.16000000000076,27.36,1
34.05,137.27000000000078,30.42,1
34.05,137.3800000000008,30.21,1
34.05,137.4900000000008,26.45,1
34.05,137.60000000000082,24.19,1
34.05,137.71000000000083,21.93,1
34.05,137.82000000000085,19.66,1
34.05,137.93000000000086,17.4,1
34.05,138.04000000000087,15.14,1
34.05,138.1500000000009,12.87,1
34.05,138.2600000000009,11.45,1
34.13999999999999,136.06000000000063,29.88,1
34.13999999999999,136.17000000000064,28.74,1
34.13999999999999,136.28000000000065,27.61,1
34.13999999999999,136.39000000000067,27.45,1
34.13999999999999,136.50000000000068,29.56,1
34.13999999999999,136.6100000000007,31.67,1
34.13999999999999,136.7200000000007,32.52,1
34.13999999999999,136.83000000000072,30.83,1
34.13999999999999,136.94000000000074,29.14,1
34.13999999999999,137.05000000000075,30.08,1
34.13999999999999,137.16000000000076,33.13,1
34.13999999999999,137.27000000000078,30.7,1
34.13999999999999,137.3800000000008,26.93,1
34.13999999999999,137.4900000000008,23.28,1
34.13999999999999,137.60000000000082,21.02,1
34.13999999999999,137.71000000000083,18.75,1
34.13999999999999,137.82000000000085,16.49,1
34.13999999999999,137.93000000000086,15.31,1
34.13999999999999,138.04000000000087,14.94,1
34.13999999999999,138.1500000000009,14.57,1
34.13999999999999,138.2600000000009,14.1,1
34.13999999999999,138.3700000000009,12.03,1
34.22999999999999,136.17000000000064,29.71,1
34.22999999999999,136.28000000000065,28.57,1
34.22999999999999,136.39000000000067,29.69,1
34.22999999999999,136.50000000000068,31.8,1
34.22999999999999,136.6100000000007,33.91,1
34.22999999999999,136.7200000000007,34.22,1
34.22999999999999,136.83000000000072,32.53,1
34.22999999999999,136.94000000000074,32.79,1
34.22999999999999,137.05000000000075,34.96,1
34.22999999999999,137.16000000000076,31.2,1
34.22999999999999,137.27000000000078,27.43,1
34.22999999999999,137.3800000000008,23.66,1
34.22999999999999,137.4900000000008,20.11,1
34.22999999999999,137.60000000000082,19.18,1
34.22999999999999,137.71000000000083,18.81,1
34.22999999999999,137.82000000000085,18.44,1
34.22999999999999,137.93000000000086,18.07,1
34.22999999999999,138.04000000000087,17.7,1
34.22999999999999,138.1500000000009,17.33,1
34.22999999999999,138.2600000000009,16.03,1
34.22999999999999,138.3700000000009,13.74,1
34.31999999999999,136.28000000000065,29.83,1
34.31999999999999,136.39000000000067,31.93,1
34.31999999999999,136.50000000000068,34.04,1
34.31999999999999,136.6100000000007,36.15,1
34.31999999999999,136.7200000000007,35.92,1
34.31999999999999,136.83000000000072,35.5,1
34.31999999999999,136.94000000000074,35.46,1
34.31999999999999,137.05000000000075,31.69,1
34.31999999999999,137.16000000000076,27.92,1
34.31999999999999,137.27000000000078,25.47,1
34.31999999999999,137.3800000000008,23.56,1
34.31999999999999,137.4900000000008,21.07,1
34.31999999999999,137.60000000000082,21.93,1
34.31999999999999,137.71000000000083,21.57,1
34.31999999999999,137.82000000000085,21.2,1
34.31999999999999,137.93000000000086,20.83,1
34.31999999999999,138.04000000000087,20.46,1
34.31999999999999,138.1500000000009,19.6,1
34.31999999999999,138.2600000000009,17.95,1
34.31999999999999,138.3700000000009,15.45,1
34.41,136.50000000000068,36.28,1
34.41,136.6100000000007,38.39,1
34.41,136.7200000000007,38.22,1
34.41,136.83000000000072,35.95,1
34.41,136.94000000000074,33.49,1
34.41,137.05000000000075,31.57,1
34.41,137.16000000000076,29.66,1
34.41,137.27000000000078,27.74,1
34.41,137.3800000000008,23.6,1
34.41,137.4900000000008,21.38,1
34.41,137.60000000000082,24.69,1
34.41,137.71000000000083,24.32,1
34.41,137.82000000000085,23.96,1
34.41,137.93000000000086,23.59,1
34.41,138.04000000000087,23.16,1
34.41,138.1500000000009,21.52,1
34.41,138.2600000000009,19.7,1
34.41,138.3700000000009,17.17,1
34.41,138.48000000000093,14.63,1
34.49999999999999,136.7200000000007,39.59,1
34.49999999999999,136.83000000000072,37.67,1
34.49999999999999,136.94000000000074,35.75,1
34.49999999999999,137.05000000000075,33.84,1
34.49999999999999,137.16000000000076,31.92,1
34.49999999999999,137.27000000000078,28.22,1
34.49999999999999,137.3800000000008,23.31,1
34.49999999999999,137.4900000000008,21.69,1
34.49999999999999,137.60000000000082,26.88,1
34.49999999999999,137.71000000000083,27.08,1
34.49999999999999,137.82000000000085,26.71,1
34.49999999999999,137.93000000000086,26.35,1
34.49999999999999,138.04000000000087,25.09,1
34.49999999999999,138.1500000000009,23.44,1
34.49999999999999,138.2600000000009,21.42,1
34.49999999999999,138.3700000000009,18.88,1
34.49999999999999,138.48000000000093,16.35,1
34.58999999999999,136.83000000000072,39.94,1
34.58999999999999,136.94000000000074,38.02,1
34.58999999999999,137.05000000000075,36.11,1
34.58999999999999,137.16000000000076,32.84,1
34.58999999999999,137.27000000000078,27.92,1
34.58999999999999,137.3800000000008,31.11,1
34.58999999999999,137.4900000000008,30.99,1
34.58999999999999,137.60000000000082,27.19,1
34.58999999999999,137.71000000000083,29.84,1
34.58999999999999,137.82000000000085,29.47,1
34.58999999999999,137.93000000000086,28.66,1
34.58999999999999,138.04000000000087,27.01,1
34.58999999999999,138.1500000000009,25.37,1
34.58999999999999,138.2600000000009,23.13,1
34.58999999999999,138.3700000000009,20.6,1
34.58999999999999,138.48000000000093,18.85,1
34.67999999999999,136.94000000000074,40.29,1
34.67999999999999,137.05000000000075,37.45,1
34.67999999999999,137.16000000000076,38.1,1
34.67999999999999,137.27000000000078,41.8,1
34.67999999999999,137.60000000000082,35.68,1
34.67999999999999,137.71000000000083,32.6,1
34.67999999999999,137.82000000000085,32.22,1
34.67999999999999,137.93000000000086,30.58,1
34.67999999999999,138.04000000000087,28.94,1
34.67999999999999,138.1500000000009,27.29,1
34.67999999999999,138.2600000000009,24.85,1
34.67999999999999,138.3700000000009,23.32,1
34.67999999999999,138.48000000000093,22.13,1
34.769999999999996,137.93000000000086,32.5,1
34.769999999999996,138.04000000000087,30.86,1
34.769999999999996,138.1500000000009,29.1,1
34.769999999999996,138.2600000000009,27.78,1
34.769999999999996,138.3700000000009,26.59,1
34.769999999999996,138.48000000000093,25.41,1
34.85999999999999,138.2600000000009,31.06,1
34.85999999999999,138.3700000000009,29.87,1
34.85999999999999,138.48000000000093,28.68,1
34.94999999999999,138.2600000000009,34.34,1
34.94999999999999,138.3700000000009,33.15,1
34.94999999999999,138.48000000000093,31.96,1
35.03999999999999,138.3700000000009,36.42,1
35.03999999999999,138.48000000000093,35.23,1
35.129999999999995,138.3700000000009,39.7,1
35.129999999999995,138.48000000000093,36.97,1
35.21999999999999,138.48000000000093,37.7,1
35.30999999999999,138.48000000000093,38.44,1
31.259999999999998,131.44000000000005,29.95,0
31.349999999999998,131.44000000000005,30.84,0
31.349999999999998,131.55000000000007,29.58,0
31.439999999999998,131.44000000000005,33.06,0
31.439999999999998,131.55000000000007,29.37,0
31.529999999999998,131.44000000000005,35.27,0
31.529999999999998,131.55000000000007,29.15,0
31.619999999999997,131.55000000000007,30.57,0
31.709999999999997,131.55000000000007,32.78,0
31.799999999999997,131.55000000000007,35.0,0
31.889999999999997,131.55000000000007,37.22,0
31.889999999999997,131.66000000000008,30.3,0
31.979999999999997,131.55000000000007,39.44,0
31.979999999999997,131.66000000000008,31.9,0
32.06999999999999,131.55000000000007,43.4,0
32.06999999999999,131.66000000000008,36.67,0
32.06999999999999,131.7700000000001,28.44,0
32.16,131.66000000000008,41.45,0
32.16,131.7700000000001,34.42,0
32.25,131.66000000000008,46.22,0
32.25,131.7700000000001,39.49,0
32.25,131.8800000000001,29.29,0
32.339999999999996,131.7700000000001,44.26,0
32.339999999999996,131.8800000000001,35.28,0
32.42999999999999,131.8800000000001,41.26,0
32.42999999999999,131.99000000000012,30.14,0
32.519999999999996,131.8800000000001,47.08,0
32.519999999999996,131.99000000000012,36.13,0
32.61,131.99000000000012,43.12,0
32.61,132.10000000000014,33.91,0
32.61,132.21000000000015,24.7,0
32.699999999999996,131.99000000000012,47.44,0
32.699999999999996,132.10000000000014,42.19,0
32.699999999999996,132.21000000000015,33.63,0
32.699999999999996,132.32000000000016,24.48,0
32.78999999999999,131.99000000000012,48.45,0
32.78999999999999,132.10000000000014,43.2,0
32.78999999999999,132.21000000000015,37.96,0
32.78999999999999,132.32000000000016,32.71,0
32.879999999999995,131.99000000000012,49.46,0
32.879999999999995,132.10000000000014,44.21,0
32.879999999999995,132.21000000000015,38.97,0
32.879999999999995,132.32000000000016,33.72,0
32.97,131.99000000000012,50.47,0
32.97,132.10000000000014,45.22,0
32.97,132.21000000000015,39.98,0
32.97,132.32000000000016,35.26,0
32.97,132.43000000000018,31.11,0
33.059999999999995,131.99000000000012,51.48,0
33.059999999999995,132.10000000000014,46.23,0
33.059999999999995,132.21000000000015,41.07,0
33.059999999999995,132.32000000000016,36.91,0
33.059999999999995,132.43000000000018,32.75,0
33.14999999999999,131.99000000000012,52.49,0
33.14999999999999,132.10000000000014,47.24,0
33.14999999999999,132.21000000000015,42.71,0
33.14999999999999,132.32000000000016,38.56,0
33.14999999999999,132.43000000000018,34.4,0
33.239999999999995,131.99000000000012,53.5,0
33.239999999999995,132.10000000000014,48.52,0
33.239999999999995,132.21000000000015,44.36,0
33.239999999999995,132.32000000000016,40.2,0
33.239999999999995,132.43000000000018,36.05,0
33.239999999999995,132.5400000000002,31.89,0
33.33,131.99000000000012,54.51,0
33.33,132.10000000000014,50.16,0
33.33,132.21000000000015,46.01,0
33.33,132.32000000000016,41.64,0
33.33,132.43000000000018,37.22,0
33.33,132.5400000000002,32.96,0
33.419999999999995,132.10000000000014,51.86,0
33.419999999999995,132.21000000000015,47.61,0
33.419999999999995,132.32000000000016,43.35,0
33.419999999999995,132.43000000000018,39.1,0
33.419999999999995,132.5400000000002,34.74,0
33.419999999999995,132.6500000000002,30.06,0
33.50999999999999,132.10000000000014,53.75,0
33.50999999999999,132.21000000000015,49.49,0
33.50999999999999,132.32000000000016,45.23,0
33.50999999999999,132.43000000000018,40.97,0
33.50999999999999,132.5400000000002,36.29,0
33.50999999999999,132.6500000000002,31.61,0
33.599999999999994,132.21000000000015,51.37,0
33.599999999999994,132.32000000000016,47.12,0
33.599999999999994,132.43000000000018,42.53,0
33.599999999999994,132.5400000000002,37.84,0
33.599999999999994,132.6500000000002,33.16,0
33.599999999999994,132.76000000000022,28.48,0
33.69,132.21000000000015,53.26,0
33.69,132.32000000000016,48.76,0
33.69,132.43000000000018,44.08,0
33.69,132.5400000000002,39.36,0
33.69,132.6500000000002,34.54,0
33.69,132.76000000000022,30.36,0
33.69,132.87000000000023,28.93,0
33.779999999999994,132.21000000000015,54.82,0
33.779999999999994,132.32000000000016,50.0,0
33.779999999999994,132.43000000000018,45.18,0
33.779999999999994,132.5400000000002,40.36,0
33.779999999999994,132.6500000000002,35.93,0
33.779999999999994,132.76000000000022,33.54,0
33.779999999999994,132.87000000000023,32.16,0
33.779999999999994,132.98000000000025,30.77,0
33.779999999999994,135.18000000000052,31.22,0
33.86999999999999,132.32000000000016,51.0,0
33.86999999999999,132.43000000000018,46.18,0
33.86999999999999,132.5400000000002,41.51,0
33.86999999999999,132.6500000000002,38.7,0
33.86999999999999,132.76000000000022,36.76,0
33.86999999999999,132.87000000000023,35.38,0
33.86999999999999,132.98000000000025,33.99,0
33.86999999999999,133.09000000000026,33.25,0
33.86999999999999,133.20000000000027,33.66,0
33.86999999999999,133.3100000000003,33.14,0
33.86999999999999,133.4200000000003,32.62,0
33.86999999999999,133.5300000000003,31.03,0
33.86999999999999,134.9600000000005,32.39,0
33.86999999999999,135.0700000000005,33.89,0
33.86999999999999,135.18000000000052,34.51,0
33.86999999999999,135.29000000000053,34.07,0
33.86999999999999,135.40000000000055,36.11,0
33.86999999999999,135.51000000000056,33.58,0
33.959999999999994,132.32000000000016,52.01,0
33.959999999999994,132.43000000000018,47.19,0
33.959999999999994,132.5400000000002,44.27,0
33.959999999999994,132.6500000000002,41.47,0
33.959999999999994,132.76000000000022,39.99,0
33.959999999999994,132.87000000000023,38.6,0
33.959999999999994,132.98000000000025,37.11,0
33.959999999999994,133.09000000000026,38.77,0
33.959999999999994,133.20000000000027,39.26,0
33.959999999999994,133.3100000000003,38.74,0
33.959999999999994,133.4200000000003,37.79,0
33.959999999999994,133.5300000000003,36.4,0
33.959999999999994,133.64000000000033,34.42,0
33.959999999999994,133.75000000000034,32.26,0
33.959999999999994,133.86000000000035,30.1,0
33.959999999999994,134.85000000000048,34.4,0
33.959999999999994,134.9600000000005,35.91,0
33.959999999999994,135.0700000000005,37.41,0
33.959999999999994,135.18000000000052,37.8,0
33.959999999999994,135.29000000000053,38.2,0
33.959999999999994,135.40000000000055,40.93,0
33.959999999999994,135.51000000000056,40.33,0
33.959999999999994,135.62000000000057,37.0,0
33.959999999999994,135.7300000000006,33.68,0
33.959999999999994,135.8400000000006,30.36,0
34.05,132.32000000000016,53.01,0
34.05,132.43000000000018,49.85,0
34.05,132.5400000000002,47.04,0
34.05,132.6500000000002,44.59,0
34.05,132.76000000000022,43.21,0
34.05,132.87000000000023,41.73,0
34.05,132.98000000000025,40.33,0
34.05,133.09000000000026,44.3,0
34.05,133.20000000000027,44.87,0
34.05,133.3100000000003,44.25,0
34.05,133.4200000000003,42.87,0
34.05,133.5300000000003,41.48,0
34.05,133.64000000000033,39.96,0
34.05,133.75000000000034,37.8,0
34.05,133.86000000000035,35.65,0
34.05,133.97000000000037,33.49,0
34.05,134.08000000000038,31.84,0
34.05,134.1900000000004,32.32,0
34.05,134.3000000000004,32.81,0
34.05,134.63000000000045,34.91,0
34.05,134.74000000000046,36.41,0
34.05,134.85000000000048,37.92,0
34.05,134.9600000000005,39.42,0
34.05,135.0700000000005,40.92,0
34.05,135.18000000000052,41.09,0
34.05,135.29000000000053,43.02,0
34.05,135.40000000000055,45.76,0
34.05,135.51000000000056,47.07,0
34.05,135.62000000000057,43.75,0
34.05,135.7300000000006,40.2,0
34.05,135.8400000000006,32.65,0
34.05,135.9500000000006,30.0,0
34.13999999999999,132.43000000000018,52.62,0
34.13999999999999,132.5400000000002,49.81,0
34.13999999999999,132.6500000000002,47.82,0
34.13999999999999,132.76000000000022,46.34,0
34.13999999999999,132.87000000000023,44.74,0
34.13999999999999,132.98000000000025,45.86,0
34.13999999999999,133.09000000000026,49.82,0
34.13999999999999,133.20000000000027,50.47,0
34.13999999999999,133.3100000000003,49.33,0
34.13999999999999,133.4200000000003,47.95,0
34.13999999999999,133.5300000000003,46.56,0
34.13999999999999,133.64000000000033,45.17,0
34.13999999999999,133.75000000000034,43.35,0
34.13999999999999,133.86000000000035,41.19,0
34.13999999999999,133.97000000000037,39.03,0
34.13999999999999,134.08000000000038,35.52,0
34.13999999999999,134.1900000000004,36.0,0
34.13999999999999,134.3000000000004,36.49,0
34.13999999999999,134.41000000000042,36.98,0
34.13999999999999,134.52000000000044,37.3,0
34.13999999999999,134.63000000000045,38.42,0
34.13999999999999,134.74000000000046,39.93,0
34.13999999999999,134.85000000000048,41.43,0
34.13999999999999,134.9600000000005,42.94,0
34.13999999999999,135.0700000000005,44.44,0
34.13999999999999,135.18000000000052,45.1,0
34.13999999999999,135.29000000000053,47.84,0
34.13999999999999,135.40000000000055,50.58,0
34.13999999999999,135.51000000000056,53.32,0
34.13999999999999,135.62000000000057,48.49,0
34.13999999999999,135.7300000000006,40.94,0
34.13999999999999,135.8400000000006,33.39,0
34.13999999999999,135.9500000000006,30.0,0
34.22999999999999,132.5400000000002,52.58,0
34.22999999999999,132.6500000000002,50.95,0
34.22999999999999,132.76000000000022,49.35,0
34.22999999999999,132.87000000000023,47.75,0
34.22999999999999,132.98000000000025,51.38,0
34.22999999999999,133.09000000000026,55.35,0
34.22999999999999,133.20000000000027,55.8,0
34.22999999999999,133.3100000000003,54.41,0
34.22999999999999,133.4200000000003,53.03,0
34.22999999999999,133.5300000000003,51.64,0
34.22999999999999,133.64000000000033,50.25,0
34.22999999999999,133.75000000000034,48.87,0
34.22999999999999,133.86000000000035,46.73,0
34.22999999999999,133.97000000000037,44.58,0
34.22999999999999,134.08000000000038,40.1,0
34.22999999999999,134.1900000000004,39.68,0
34.22999999999999,134.3000000000004,40.17,0
34.22999999999999,134.41000000000042,40.66,0
34.22999999999999,134.52000000000044,40.96,0
34.22999999999999,134.63000000000045,41.93,0
34.22999999999999,134.74000000000046,43.44,0
34.22999999999999,134.85000000000048,44.94,0
34.22999999999999,134.9600000000005,46.45,0
34.22999999999999,135.0700000000005,47.96,0
34.22999999999999,135.18000000000052,49.93,0
34.22999999999999,135.62000000000057,49.24,0
34.22999999999999,135.7300000000006,41.68,0
34.22999999999999,135.8400000000006,34.13,0
34.22999999999999,135.9500000000006,30.0,0
34.22999999999999,136.06000000000063,30.0,0
34.31999999999999,132.6500000000002,53.97,0
34.31999999999999,132.76000000000022,52.36,0
34.31999999999999,132.87000000000023,52.94,0
34.31999999999999,132.98000000000025,56.91,0
34.31999999999999,133.3100000000003,59.49,0
34.31999999999999,133.4200000000003,58.11,0
34.31999999999999,133.5300000000003,56.72,0
34.31999999999999,133.64000000000033,55.33,0
34.31999999999999,133.75000000000034,53.95,0
34.31999999999999,133.86000000000035,52.28,0
34.31999999999999,133.97000000000037,49.88,0
34.31999999999999,134.08000000000038,45.21,0
34.31999999999999,134.1900000000004,43.36,0
34.31999999999999,134.3000000000004,43.85,0
34.31999999999999,134.41000000000042,44.23,0
34.31999999999999,134.52000000000044,44.62,0
34.31999999999999,134.63000000000045,45.43,0
34.31999999999999,134.74000000000046,46.94,0
34.31999999999999,134.85000000000048,48.45,0
34.31999999999999,134.9600000000005,49.96,0
34.31999999999999,135.7300000000006,42.43,0
34.31999999999999,135.8400000000006,34.87,0
34.31999999999999,135.9500000000006,30.0,0
34.31999999999999,136.06000000000063,30.0,0
34.31999999999999,136.17000000000064,30.0,0
34.41,133.75000000000034,59.03,0
34.41,133.86000000000035,57.64,0
34.41,133.97000000000037,54.98,0
34.41,134.08000000000038,50.31,0
34.41,134.1900000000004,47.04,0
34.41,134.3000000000004,47.53,0
34.41,134.41000000000042,47.89,0
34.41,134.52000000000044,48.28,0
34.41,134.63000000000045,48.94,0
34.41,134.74000000000046,50.45,0
34.41,134.85000000000048,51.95,0
34.41,135.7300000000006,43.17,0
34.41,135.8400000000006,35.62,0
34.41,135.9500000000006,30.0,0
34.41,136.06000000000063,30.0,0
34.41,136.17000000000064,30.0,0
34.41,136.28000000000065,31.64,0
34.41,136.39000000000067,34.0,0
34.49999999999999,134.08000000000038,55.42,0
34.49999999999999,134.1900000000004,50.75,0
34.49999999999999,134.3000000000004,51.17,0
34.49999999999999,134.41000000000042,51.55,0
34.49999999999999,134.52000000000044,51.94,0
34.49999999999999,134.63000000000045,52.44,0
34.49999999999999,135.8400000000006,36.36,0
34.49999999999999,135.9500000000006,30.0,0
34.49999999999999,136.06000000000063,30.0,0
34.49999999999999,136.17000000000064,30.9,0
34.49999999999999,136.28000000000065,33.26,0
34.49999999999999,136.39000000000067,35.61,0
34.49999999999999,136.50000000000068,37.96,0
34.49999999999999,136.6100000000007,39.51,0
34.58999999999999,134.3000000000004,54.82,0
34.58999999999999,135.9500000000006,30.0,0
34.58999999999999,136.06000000000063,30.16,0
34.58999999999999,136.17000000000064,32.51,0
34.58999999999999,136.28000000000065,34.79,0
34.58999999999999,136.39000000000067,36.17,0
34.58999999999999,136.50000000000068,37.54,0
34.58999999999999,136.6100000000007,38.91,0
34.58999999999999,136.7200000000007,40.29,0
34.67999999999999,135.9500000000006,30.29,0
34.67999999999999,136.06000000000063,31.45,0
34.67999999999999,136.17000000000064,32.82,0
34.67999999999999,136.28000000000065,34.19,0
34.67999999999999,136.39000000000067,35.56,0
34.67999999999999,136.50000000000068,36.94,0
34.67999999999999,136.6100000000007,38.31,0
34.67999999999999,136.7200000000007,39.68,0
34.67999999999999,136.83000000000072,41.06,0
34.67999999999999,137.3800000000008,44.33,0
34.67999999999999,137.4900000000008,44.94,0
34.769999999999996,136.06000000000063,34.03,0
34.769999999999996,136.17000000000064,35.14,0
34.769999999999996,136.28000000000065,36.25,0
34.769999999999996,136.39000000000067,37.35,0
34.769999999999996,136.50000000000068,38.46,0
34.769999999999996,136.6100000000007,39.56,0
34.769999999999996,136.7200000000007,40.67,0
34.769999999999996,136.83000000000072,41.77,0
34.769999999999996,136.94000000000074,42.17,0
34.769999999999996,137.05000000000075,41.33,0
34.769999999999996,137.16000000000076,41.33,0
34.769999999999996,137.27000000000078,41.33,0
34.769999999999996,137.3800000000008,41.33,0
34.769999999999996,137.4900000000008,50.03,0
34.769999999999996,137.60000000000082,43.91,0
34.769999999999996,137.71000000000083,37.79,0
34.769999999999996,137.82000000000085,34.09,0
34.85999999999999,136.06000000000063,38.13,0
34.85999999999999,136.17000000000064,39.23,0
34.85999999999999,136.28000000000065,40.34,0
34.85999999999999,136.39000000000067,41.44,0
34.85999999999999,136.50000000000068,42.55,0
34.85999999999999,136.6100000000007,43.66,0
34.85999999999999,136.7200000000007,44.76,0
34.85999999999999,136.83000000000072,45.46,0
34.85999999999999,136.94000000000074,42.21,0
34.85999999999999,137.05000000000075,38.33,0
34.85999999999999,137.16000000000076,38.33,0
34.85999999999999,137.27000000000078,38.32,0
34.85999999999999,137.3800000000008,44.99,0
34.85999999999999,137.4900000000008,55.12,0
34.85999999999999,137.60000000000082,49.0,0
34.85999999999999,137.71000000000083,40.37,0
34.85999999999999,137.82000000000085,33.39,0
34.85999999999999,137.93000000000086,31.99,0
34.85999999999999,138.04000000000087,30.6,0
34.85999999999999,138.1500000000009,30.73,0
34.94999999999999,136.06000000000063,42.22,0
34.94999999999999,136.17000000000064,43.33,0
34.94999999999999,136.28000000000065,44.43,0
34.94999999999999,136.39000000000067,45.54,0
34.94999999999999,136.50000000000068,46.64,0
34.94999999999999,136.6100000000007,47.75,0
34.94999999999999,136.7200000000007,48.37,0
34.94999999999999,136.83000000000072,47.88,0
34.94999999999999,136.94000000000074,42.25,0
34.94999999999999,137.05000000000075,36.26,0
34.94999999999999,137.16000000000076,35.32,0
34.94999999999999,137.27000000000078,35.32,0
34.94999999999999,137.3800000000008,49.83,0
34.94999999999999,137.4900000000008,60.2,0
34.94999999999999,137.60000000000082,51.87,0
34.94999999999999,137.71000000000083,41.64,0
34.94999999999999,137.82000000000085,32.68,0
34.94999999999999,137.93000000000086,31.29,0
34.94999999999999,138.04000000000087,30.0,0
34.94999999999999,138.1500000000009,30.14,0
35.03999999999999,136.06000000000063,46.31,0
35.03999999999999,136.17000000000064,47.42,0
35.03999999999999,136.28000000000065,48.52,0
35.03999999999999,136.39000000000067,49.63,0
35.03999999999999,136.50000000000068,50.74,0
35.03999999999999,136.6100000000007,51.28,0
35.03999999999999,136.7200000000007,50.79,0
35.03999999999999,136.83000000000072,48.28,0
35.03999999999999,136.94000000000074,42.29,0
35.03999999999999,137.05000000000075,36.3,0
35.03999999999999,137.16000000000076,32.32,0
35.03999999999999,137.27000000000078,40.05,0
35.03999999999999,137.3800000000008,54.66,0
35.03999999999999,137.60000000000082,53.14,0
35.03999999999999,137.71000000000083,42.91,0
35.03999999999999,137.82000000000085,32.68,0
35.03999999999999,137.93000000000086,30.58,0
35.03999999999999,138.04000000000087,30.0,0
35.03999999999999,138.1500000000009,30.0,0
35.03999999999999,138.2600000000009,35.71,0
35.129999999999995,136.06000000000063,50.41,0
35.129999999999995,136.17000000000064,51.51,0
35.129999999999995,136.28000000000065,52.62,0
35.129999999999995,136.39000000000067,53.72,0
35.129999999999995,136.50000000000068,54.18,0
35.129999999999995,136.6100000000007,53.7,0
35.129999999999995,136.7200000000007,53.22,0
35.129999999999995,136.83000000000072,48.32,0
35.129999999999995,136.94000000000074,42.33,0
35.129999999999995,137.05000000000075,36.34,0
35.129999999999995,137.82000000000085,33.95,0
35.129999999999995,137.93000000000086,30.0,0
35.129999999999995,138.04000000000087,30.0,0
35.129999999999995,138.1500000000009,30.0,0
35.129999999999995,138.2600000000009,35.12,0
35.21999999999999,136.06000000000063,54.5,0
35.21999999999999,136.17000000000064,55.6,0
35.21999999999999,136.28000000000065,56.71,0
35.21999999999999,136.39000000000067,57.09,0
35.21999999999999,136.50000000000068,56.61,0
35.21999999999999,136.6100000000007,56.12,0
35.21999999999999,136.7200000000007,54.34,0
35.21999999999999,136.83000000000072,48.35,0
35.21999999999999,136.94000000000074,42.36,0
35.21999999999999,138.04000000000087,30.0,0
35.21999999999999,138.1500000000009,30.0,0
35.21999999999999,138.2600000000009,34.53,0
35.21999999999999,138.3700000000009,40.69,0
35.30999999999999,136.06000000000063,58.59,0
35.30999999999999,136.17000000000064,59.7,0
35.30999999999999,136.28000000000065,60.0,0
35.30999999999999,136.39000000000067,59.52,0
35.30999999999999,136.50000000000068,59.03,0
35.30999999999999,136.6100000000007,58.55,0
35.30999999999999,136.7200000000007,54.38,0
35.30999999999999,136.83000000000072,48.39,0
35.30999999999999,138.2600000000009,31.21,0
35.30999999999999,138.3700000000009,38.57,0
35.39999999999999,136.06000000000063,62.68,0
35.39999999999999,136.17000000000064,62.91,0
35.39999999999999,136.28000000000065,62.42,0
35.39999999999999,136.39000000000067,61.94,0
35.39999999999999,136.50000000000068,61.46,0
35.39999999999999,136.6100000000007,60.41,0
35.39999999999999,136.7200000000007,54.42,0
35.39999999999999,138.3700000000009,31.95,0
35.39999999999999,138.48000000000093,30.96,0
35.489999999999995,136.17000000000064,65.33,0
35.489999999999995,136.28000000000065,64.85,0
35.489999999999995,136.39000000000067,64.37,0
35.489999999999995,136.50000000000068,63.88,0
35.489999999999995,136.6100000000007,60.45,0
35.57999999999999,136.17000000000064,66.99,0
35.57999999999999,136.28000000000065,67.27,0
35.57999999999999,136.39000000000067,66.79,0
35.57999999999999,136.50000000000068,66.31,0
35.66999999999999,136.28000000000065,68.54,0
35.66999999999999,136.39000000000067,69.21,0
